{
    "mae": 154.27554375965616,
    "rmse": 195.8616153006798,
    "r2": 0.7863857280599234
}