{
  "metadata": {
    "n_samples": 422,
    "n_features": 17,
    "features": [
      "city_name",
      "country",
      "location_id",
      "num_users",
      "avg_age",
      "std_age",
      "min_age",
      "max_age",
      "admin_ratio",
      "description",
      "region",
      "desc_length",
      "is_touristique",
      "is_capitale",
      "is_historique",
      "is_moderne",
      "visiteurs"
    ],
    "train_data_path": "../mlops/data/processed/v2/train.csv"
  },
  "statistics": {
    "mean": {
      "city_name": -1.0523440991707645e-16,
      "country": -8.103049563614886e-17,
      "location_id": 3.1570322975122934e-17,
      "num_users": 3.3675011173464466e-17,
      "avg_age": 3.2201729434625396e-16,
      "std_age": 7.050705464444122e-17,
      "min_age": 3.051797887595217e-16,
      "max_age": 5.0512516760196693e-17,
      "admin_ratio": 1.2628129190049173e-17,
      "description": -5.472189315687975e-17,
      "region": -1.6837505586732233e-17,
      "desc_length": 7.99781515369781e-17,
      "is_touristique": -8.839690433034422e-17,
      "is_capitale": 1.6837505586732233e-17,
      "is_historique": -2.5256258380098347e-17,
      "is_moderne": 0.0,
      "visiteurs": 1695.3341232227488
    },
    "std": {
      "city_name": 1.0011869440379824,
      "country": 1.0011869440379821,
      "location_id": 1.0011869440379824,
      "num_users": 1.0011869440379821,
      "avg_age": 1.0011869440379824,
      "std_age": 1.0011869440379821,
      "min_age": 1.0011869440379821,
      "max_age": 1.0011869440379824,
      "admin_ratio": 1.0011869440379821,
      "description": 1.0011869440379824,
      "region": 1.0011869440379821,
      "desc_length": 1.0011869440379824,
      "is_touristique": 1.0011869440379824,
      "is_capitale": 1.0011869440379826,
      "is_historique": 1.0011869440379824,
      "is_moderne": 0.0,
      "visiteurs": 411.23409625264037
    },
    "min": {
      "city_name": -1.7889682862604983,
      "country": -1.7814318535623177,
      "location_id": -1.761837112035827,
      "num_users": -0.7309141591036433,
      "avg_age": -1.89244208433562,
      "std_age": -0.6294821158151935,
      "min_age": -1.459036957524683,
      "max_age": -1.9811378983457344,
      "admin_ratio": -1.1059725367427895,
      "description": -1.6702974604843368,
      "region": -1.621779952052376,
      "desc_length": -2.591947579695124,
      "is_touristique": -1.2861135448763712,
      "is_capitale": -0.4649067955303078,
      "is_historique": -0.4266999286754718,
      "is_moderne": 0.0,
      "visiteurs": 564.0
    },
    "max": {
      "city_name": 1.789502064018203,
      "country": 1.5993558260109768,
      "location_id": 1.7324458078550278,
      "num_users": 3.2922916036146725,
      "avg_age": 1.90425947144692,
      "std_age": 3.1541153418930503,
      "min_age": 1.9954074767750083,
      "max_age": 1.4766354261525223,
      "admin_ratio": 1.191256719231569,
      "description": 1.7580470199201723,
      "region": 1.8173715040586929,
      "desc_length": 2.4741216754804904,
      "is_touristique": 0.7775363256096691,
      "is_capitale": 2.150968773986891,
      "is_historique": 2.3435673005714373,
      "is_moderne": 0.0,
      "visiteurs": 2652.0
    },
    "median": {
      "city_name": 0.07193868416340425,
      "country": -0.0142019301490046,
      "location_id": -0.00944898103951235,
      "num_users": -0.7309141591036433,
      "avg_age": 0.0511075216006802,
      "std_age": -0.6294821158151935,
      "min_age": -0.10193378690694724,
      "max_age": 0.2417163816888592,
      "admin_ratio": 0.0426420912443897,
      "description": -0.06096755913237295,
      "region": 0.0977957760031583,
      "desc_length": 0.0349031452107501,
      "is_touristique": 0.7775363256096691,
      "is_capitale": -0.4649067955303078,
      "is_historique": -0.4266999286754718,
      "is_moderne": 0.0,
      "visiteurs": 1720.5
    },
    "q25": {
      "city_name": -0.8649140684846677,
      "country": -0.7825627664156625,
      "location_id": -0.8226829939270237,
      "num_users": -0.7309141591036433,
      "avg_age": -0.7963705042436368,
      "std_age": -0.6294821158151935,
      "min_age": -0.8832962184747347,
      "max_age": -0.8285467901796488,
      "admin_ratio": -1.1059725367427895,
      "description": -0.8459745712739253,
      "region": -0.9339496608301624,
      "desc_length": -0.5279934386976515,
      "is_touristique": -1.2861135448763712,
      "is_capitale": -0.4649067955303078,
      "is_historique": -0.4266999286754718,
      "is_moderne": 0.0,
      "visiteurs": 1424.5
    },
    "q75": {
      "city_name": 0.8462500439340103,
      "country": 0.9078310733709848,
      "location_id": 0.9122162335663337,
      "num_users": 0.6101544284691285,
      "avg_age": 0.7290899422761339,
      "std_age": 0.3715426608333681,
      "min_age": 0.8439259986751112,
      "max_age": 0.9003398720694796,
      "admin_ratio": 1.191256719231569,
      "description": 0.8813029612846155,
      "region": 0.7856260672253721,
      "desc_length": 0.6681618021077019,
      "is_touristique": 0.7775363256096691,
      "is_capitale": -0.4649067955303078,
      "is_historique": -0.4266999286754718,
      "is_moderne": 0.0,
      "visiteurs": 1979.75
    },
    "skewness": {
      "city_name": -0.06247357267436485,
      "country": -0.0750269826325419,
      "location_id": -0.030918897341372792,
      "num_users": 1.273433515799634,
      "avg_age": -0.05651839414853141,
      "std_age": 1.5188815137150362,
      "min_age": 0.2927413959915568,
      "max_age": -0.37088560017057987,
      "admin_ratio": 0.0773405571903642,
      "description": 0.06161999407114949,
      "region": -0.11440134192658488,
      "desc_length": -0.14064840405794202,
      "is_touristique": -0.5103932073744049,
      "is_capitale": 1.69208243785927,
      "is_historique": 1.9237119733046275,
      "is_moderne": 0.0,
      "visiteurs": -0.16954501537702013
    },
    "kurtosis": {
      "city_name": -1.1439889660021254,
      "country": -1.1818055690516192,
      "location_id": -1.203748046898309,
      "num_users": 1.046917810396046,
      "avg_age": -0.8936273492411289,
      "std_age": 1.1033572892715613,
      "min_age": -1.0503598002293673,
      "max_age": -1.0485893886089575,
      "admin_ratio": -1.697639099856605,
      "description": -1.1988659315003676,
      "region": -1.224623316833213,
      "desc_length": -0.046198413750521805,
      "is_touristique": -1.7478048171851601,
      "is_capitale": 0.8672306055213883,
      "is_historique": 1.708743643592924,
      "is_moderne": 0.0,
      "visiteurs": -0.4532149981157563
    }
  },
  "correlations": {
    "city_name": {
      "city_name": 1.0,
      "country": -0.048407858812519536,
      "location_id": 0.06624734751942216,
      "num_users": 0.059674252988928964,
      "avg_age": -0.05375838511983444,
      "std_age": 0.04618417759061403,
      "min_age": -0.07382281091143701,
      "max_age": -0.02323991151206779,
      "admin_ratio": 0.04487533252659365,
      "description": -0.03899856361181228,
      "region": -0.1452959186521338,
      "desc_length": 0.048984716843150866,
      "is_touristique": -0.019997510835469943,
      "is_capitale": -0.02711956436946672,
      "is_historique": -0.01889086456606249,
      "is_moderne": NaN,
      "visiteurs": 0.0027909444554402646
    },
    "country": {
      "city_name": -0.048407858812519536,
      "country": 1.0,
      "location_id": 0.015009748090962758,
      "num_users": 0.013548899395207101,
      "avg_age": 0.03244827914207555,
      "std_age": 0.028757274956090907,
      "min_age": 0.020311762967844635,
      "max_age": 0.040413030023802574,
      "admin_ratio": 0.023017921051721044,
      "description": -0.0027108355973253836,
      "region": 0.12142894344209537,
      "desc_length": 0.08660435178560348,
      "is_touristique": 0.008036587219222669,
      "is_capitale": -0.0018396915132560543,
      "is_historique": 0.024203992559781933,