{
    "mae": 95.6620948616601,
    "rmse": 114.62796512429918,
    "r2": 0.9086639309993336
}