{
  "metadata": {
    "n_samples": 253,
    "n_features": 17,
    "features": [
      "city_name",
      "country",
      "location_id",
      "num_users",
      "avg_age",
      "std_age",
      "min_age",
      "max_age",
      "admin_ratio",
      "description",
      "region",
      "desc_length",
      "is_touristique",
      "is_capitale",
      "is_historique",
      "is_moderne",
      "visiteurs"
    ],
    "train_data_path": "../mlops/data/processed/v1/train.csv"
  },
  "statistics": {
    "mean": {
      "city_name": 7.723290606088045e-17,
      "country": -7.723290606088045e-17,
      "location_id": 3.089316242435218e-16,
      "num_users": 6.319055950435674e-17,
      "avg_age": -1.895716785130702e-16,
      "std_age": -4.2127039669571154e-17,
      "min_age": -2.1765637162611765e-16,
      "max_age": -2.948892776869981e-16,
      "admin_ratio": 1.895716785130702e-16,
      "description": 1.2638111900871348e-16,
      "region": 6.538467615381357e-17,
      "desc_length": 5.564279823022524e-16,
      "is_touristique": 3.6861159710874766e-17,
      "is_capitale": 4.0371746350005693e-17,
      "is_historique": 8.425407933914231e-17,
      "is_moderne": 0.0,
      "visiteurs": 1692.110671936759
    },
    "std": {
      "city_name": 1.0019821625000387,
      "country": 1.001982162500039,
      "location_id": 1.001982162500039,
      "num_users": 1.0019821625000387,
      "avg_age": 1.001982162500039,
      "std_age": 1.001982162500039,
      "min_age": 1.0019821625000387,
      "max_age": 1.0019821625000387,
      "admin_ratio": 1.001982162500039,
      "description": 1.0019821625000387,
      "region": 1.001982162500039,
      "desc_length": 1.001982162500039,
      "is_touristique": 1.0019821625000387,
      "is_capitale": 1.001982162500039,
      "is_historique": 1.0019821625000387,
      "is_moderne": 0.0,
      "visiteurs": 380.0400923982919
    },
    "min": {
      "city_name": -1.7792513492570805,
      "country": -1.6776573434454225,
      "location_id": -1.7147384673133967,
      "num_users": -0.7182105277685669,
      "avg_age": -1.8453901053576416,
      "std_age": -0.6047440396953361,
      "min_age": -1.4808887527928771,
      "max_age": -1.9264070017266623,
      "admin_ratio": -1.0824747079068335,
      "description": -1.7128486134384409,
      "region": -1.6711527700663145,
      "desc_length": -2.4773709997444144,
      "is_touristique": -1.3228756555322954,
      "is_capitale": -0.4397683781436477,
      "is_historique": -0.4525062483125561,
      "is_moderne": 0.0,
      "visiteurs": 722.0
    },
    "max": {
      "city_name": 1.720555469789188,
      "country": 1.497938906721971,
      "location_id": 1.7754315358478214,
      "num_users": 2.3878965410425,
      "avg_age": 1.85968599469532,
      "std_age": 3.0313383915395837,
      "min_age": 1.9571544823343043,
      "max_age": 1.5168227376084953,
      "admin_ratio": 1.187133864748655,
      "description": 1.7522157417915014,
      "region": 1.695102411675545,
      "desc_length": 2.524970501660877,
      "is_touristique": 0.7559289460184545,
      "is_capitale": 2.273924296742764,
      "is_historique": 2.2099142359450417,
      "is_moderne": 0.0,
      "visiteurs": 2556.0
    },
    "median": {
      "city_name": 0.0101235657440193,
      "country": -0.0176865763124667,
      "location_id": -0.0081995199845681,
      "num_users": -0.7182105277685669,
      "avg_age": 0.0953640422891476,
      "std_age": -0.6047440396953361,
      "min_age": -0.0892998242890179,
      "max_age": 0.1231345097823599,
      "admin_ratio": 0.0523295784209105,
      "description": -0.0412597787546496,
      "region": 0.3486003389788014,
      "desc_length": 0.0237997509582309,
      "is_touristique": 0.7559289460184545,
      "is_capitale": -0.4397683781436477,
      "is_historique": -0.4525062483125561,
      "is_moderne": 0.0,
      "visiteurs": 1695.0
    },
    "q25": {
      "city_name": -0.8231637721241397,
      "country": -0.883758280903574,
      "location_id": -0.9227922617768152,
      "num_users": -0.7182105277685669,
      "avg_age": -0.8309049827240927,
      "std_age": -0.6047440396953361,
      "min_age": -0.9078815469383468,
      "max_age": -0.7786637552816099,
      "admin_ratio": -1.0824747079068335,
      "description": -0.8248170450126767,
      "region": -0.9979017337179426,
      "desc_length": -0.5320159714201347,
      "is_touristique": -1.3228756555322954,
      "is_capitale": -0.4397683781436477,
      "is_historique": -0.4525062483125561,
      "is_moderne": 0.0,
      "visiteurs": 1450.0
    },
    "q75": {
      "city_name": 0.8784966862592588,
      "country": 0.9205577703278996,
      "location_id": 0.9028890350575168,
      "num_users": 0.8348430066369666,
      "avg_age": 0.7716874573781795,
      "std_age": 0.3496073501079894,
      "min_age": 0.8111400706252438,
      "max_age": 0.8609694539256081,
      "admin_ratio": 1.187133864748655,
      "description": 0.8728903652130487,
      "region": 0.6852258571529873,
      "desc_length": 0.5796154733365966,
      "is_touristique": 0.7559289460184545,
      "is_capitale": -0.4397683781436477,
      "is_historique": -0.4525062483125561,
      "is_moderne": 0.0,
      "visiteurs": 1948.0
    },
    "skewness": {
      "city_name": -0.052996172612283475,
      "country": -0.1203494758764641,
      "location_id": -0.002351775861516092,
      "num_users": 1.0791716999942302,
      "avg_age": -0.1110225604978199,
      "std_age": 1.6201266587748946,
      "min_age": 0.19681953894286164,
      "max_age": -0.3374747716762308,
      "admin_ratio": 0.08339237764119266,
      "description": -0.004355043864925883,
      "region": -0.2546157423187981,
      "desc_length": -0.04557071737817392,
      "is_touristique": -0.5703337190648679,
      "is_capitale": 1.8451133922207459,
      "is_historique": 1.7679069596509782,
      "is_moderne": 0.0,
      "visiteurs": -0.29194506271207177
    },
    "kurtosis": {
      "city_name": -1.1904781838641363,
      "country": -1.3762094773107318,
      "location_id": -1.2670667488747052,
      "num_users": 0.03210555685414063,
      "avg_age": -0.9693315901127795,
      "std_age": 1.4303299193179697,
      "min_age": -1.1041853203911172,
      "max_age": -1.028353119346869,
      "admin_ratio": -1.7298070151278433,
      "description": -1.19058598426163,
      "region": -1.1034718222732136,
      "desc_length": 0.005337939867744446,
      "is_touristique": -1.6881274900398402,
      "is_capitale": 1.415571327208423,
      "is_historique": 1.1344001482442323,
      "is_moderne": 0.0,
      "visiteurs": -0.3512117421011758
    }
  },
  "correlations": {
    "city_name": {
      "city_name": 1.0,
      "country": 0.05664635988752814,
      "location_id": -0.0009716399168871821,
      "num_users": 0.10898211289304621,
      "avg_age": 0.06081281624991072,
      "std_age": 0.05469104117518951,
      "min_age": 0.03641878986765617,
      "max_age": 0.0741080550778173,
      "admin_ratio": 0.05339689214378811,
      "description": 0.10988683926151423,
      "region": -0.17528708103754753,
      "desc_length": 0.0018948188537963528,
      "is_touristique": 0.03782450018668553,
      "is_capitale": -0.0700617395863611,
      "is_historique": 0.10888612523376905,
      "is_moderne": NaN,
      "visiteurs": 0.0643567615077588
    },
    "country": {
      "city_name": 0.05664635988752814,
      "country": 1.0,
      "location_id": -0.03951945155275355,
      "num_users": -0.00915840145571706,
      "avg_age": -0.15265553843020727,
      "std_age": -0.04824639021318823,
      "min_age": -0.11941089896503818,
      "max_age": -0.16028952029449883,
      "admin_ratio": 0.013766528450807978,
      "description": -0.05512290056497494,
      "region": 0.08759752186391366,
      "desc_length": 0.06291845910401349,
      "is_touristique": -0.07380342476642625,
      "is_capitale": 0.030928400264475457,
      "is_historique": -0.028509831178273815,
      "is_moderne": NaN,