feature,importance
is_touristique^2,0.22163989242575677
is_touristique,0.21128201606421945
desc_length,0.12590566210207552
desc_length users_desc_interaction,0.11572932604795504
std_age users_desc_interaction,0.11063438112006387
num_users users_desc_interaction,0.09431035920190708
num_users std_age,0.05869593143485125
std_age,0.049705434843877926
num_users,0.0060814933513889755
num_users^2,0.006015503407904036
