{
    "mae": 102.89002369668246,
    "rmse": 122.31447631168946,
    "r2": 0.9113236427928102
}