{
  "metadata": {
    "n_samples": 504,
    "n_features": 17,
    "features": [
      "city_name",
      "country",
      "location_id",
      "num_users",
      "avg_age",
      "std_age",
      "min_age",
      "max_age",
      "admin_ratio",
      "description",
      "region",
      "desc_length",
      "is_touristique",
      "is_capitale",
      "is_historique",
      "is_moderne",
      "visiteurs"
    ],
    "train_data_path": "../mlops/data/processed/v3/train.csv"
  },
  "statistics": {
    "mean": {
      "city_name": -8.635067969306773e-17,
      "country": -1.356939252319636e-16,
      "location_id": 1.409807015397024e-17,
      "num_users": -9.692423230854541e-17,
      "avg_age": -5.145795606199139e-16,
      "std_age": 4.1413081077287586e-17,
      "min_age": 2.431917101559867e-16,
      "max_age": -1.163090787702545e-16,
      "admin_ratio": 2.6433881538694203e-16,
      "description": -9.69242323085454e-18,
      "region": 1.427429603089487e-16,
      "desc_length": 1.0785023667787234e-15,
      "is_touristique": 9.692423230854541e-17,
      "is_capitale": 1.2159585507799335e-16,
      "is_historique": 1.057355261547768e-17,
      "is_moderne": 0.0,
      "visiteurs": 1708.8214285714287
    },
    "std": {
      "city_name": 1.0009935422222145,
      "country": 1.0009935422222145,
      "location_id": 1.0009935422222145,
      "num_users": 1.0009935422222145,
      "avg_age": 1.0009935422222145,
      "std_age": 1.0009935422222145,
      "min_age": 1.0009935422222145,
      "max_age": 1.0009935422222145,
      "admin_ratio": 1.0009935422222147,
      "description": 1.0009935422222147,
      "region": 1.0009935422222145,
      "desc_length": 1.0009935422222145,
      "is_touristique": 1.0009935422222147,
      "is_capitale": 1.0009935422222147,
      "is_historique": 1.0009935422222145,
      "is_moderne": 0.0,
      "visiteurs": 424.194931391493
    },
    "min": {
      "city_name": -1.7729881832209096,
      "country": -1.6937450297676495,
      "location_id": -0.5303802799682557,
      "num_users": -0.7907918454784704,
      "avg_age": -1.9119930380049088,
      "std_age": -0.6767997394722315,
      "min_age": -1.4302517235354613,
      "max_age": -2.033840961273412,
      "admin_ratio": -1.1113812643893324,
      "description": -1.75265883345829,
      "region": -1.659279713422342,
      "desc_length": -3.281741988530993,
      "is_touristique": -1.3187609467915742,
      "is_capitale": -0.4049349162200438,
      "is_historique": -0.4472135954999579,
      "is_moderne": 0.0,
      "visiteurs": 564.0
    },
    "max": {
      "city_name": 1.777010637591422,
      "country": 1.596705235683721,
      "location_id": 3.813029565123893,
      "num_users": 2.8215261918733336,
      "avg_age": 1.9049734346339455,
      "std_age": 3.0902464421712863,
      "min_age": 2.012109673144317,
      "max_age": 1.462654244463255,
      "admin_ratio": 1.214462445661474,
      "description": 1.714679999127544,
      "region": 1.751311540920482,
      "desc_length": 2.4698663280673028,
      "is_touristique": 0.7582875444051553,
      "is_capitale": 2.4695326580743524,
      "is_historique": 2.23606797749979,
      "is_moderne": 0.0,
      "visiteurs": 2717.0
    },
    "median": {
      "city_name": -0.02870569709865765,
      "country": 0.0262630635364759,
      "location_id": -0.4075121283354936,
      "num_users": -0.7907918454784704,
      "avg_age": 0.06205323883662385,
      "std_age": -0.6767997394722315,
      "min_age": -0.1188759533717362,
      "max_age": 0.2139059567001597,
      "admin_ratio": 0.0515405906360707,
      "description": -0.059543087721932494,
      "region": 0.0460159137490699,
      "desc_length": 0.058862329353887,
      "is_touristique": 0.7582875444051553,
      "is_capitale": -0.4049349162200438,
      "is_historique": -0.4472135954999579,
      "is_moderne": 0.0,
      "visiteurs": 1716.5
    },
    "q25": {
      "city_name": -0.8525774877136333,
      "country": -0.8711324634048071,
      "location_id": -0.4694633260021809,
      "num_users": -0.7907918454784704,
      "avg_age": -0.7305510345690729,
      "std_age": -0.6767997394722315,
      "min_age": -0.9384858097240644,
      "max_age": -0.7850926735103165,
      "admin_ratio": -1.1113812643893324,
      "description": -0.8363993393210247,
      "region": -0.9771614625537772,
      "desc_length": -0.561187664466174,
      "is_touristique": -1.3187609467915742,
      "is_capitale": -0.4049349162200438,
      "is_historique": -0.4472135954999579,
      "is_moderne": 0.0,
      "visiteurs": 1413.75
    },
    "q75": {
      "city_name": 0.8302711498407909,
      "country": 0.8675713700439287,
      "location_id": -0.34695715966463325,
      "num_users": 0.4133141669721308,
      "avg_age": 0.7235314311981098,
      "std_age": 0.439586797453729,
      "min_age": 0.7826948886158247,
      "max_age": 0.8799050435071439,
      "admin_ratio": 1.214462445661474,
      "description": 0.9251507254795268,
      "region": 0.7281341646176348,
      "desc_length": 0.6569492844263701,
      "is_touristique": 0.7582875444051553,
      "is_capitale": -0.4049349162200438,
      "is_historique": -0.4472135954999579,
      "is_moderne": 0.0,
      "visiteurs": 2028.25
    },
    "skewness": {
      "city_name": 0.018293066040907784,
      "country": -0.08434928748107565,
      "location_id": 2.3004539866006364,
      "num_users": 1.0677930349343223,
      "avg_age": -0.09479838044037449,
      "std_age": 1.364583197592097,
      "min_age": 0.2885464512677881,
      "max_age": -0.44058942209636787,
      "admin_ratio": 0.09195068291730714,
      "description": 0.010604306404443988,
      "region": -0.17566447672873065,
      "desc_length": -0.3035330319948208,
      "is_touristique": -0.5621478465282616,
      "is_capitale": 2.0707658375737306,
      "is_historique": 1.7941986797449092,
      "is_moderne": 0.0,
      "visiteurs": -0.10384543971217135
    },
    "kurtosis": {
      "city_name": -1.145496482896094,
      "country": -1.2342030495800755,
      "location_id": 4.585496696703504,
      "num_users": 0.26887643090808444,
      "avg_age": -0.8296353246188151,
      "std_age": 0.6326097038851661,
      "min_age": -1.054311744668981,
      "max_age": -0.9188325407892397,
      "admin_ratio": -1.690794158386361,
      "description": -1.1950978325897208,
      "region": -1.1684280152112707,
      "desc_length": 0.12344946676268753,
      "is_touristique": -1.6907148158213288,
      "is_capitale": 2.2971712062635374,
      "is_historique": 1.2239902664789977,
      "is_moderne": 0.0,
      "visiteurs": -0.5624832447080643
    }
  },
  "correlations": {
    "city_name": {
      "city_name": 1.0,
      "country": -0.07676973002060249,
      "location_id": -0.06558257666553335,
      "num_users": 0.050554502966563365,
      "avg_age": -0.09370327871395241,
      "std_age": 0.0455997408326941,
      "min_age": -0.10123839089114739,
      "max_age": -0.049602662358967306,
      "admin_ratio": 0.06411411364095336,
      "description": 0.014617117548856598,
      "region": -0.1299236807534383,
      "desc_length": 0.007028835238509251,
      "is_touristique": 0.02715622054777721,
      "is_capitale": -0.06356721095627688,
      "is_historique": 0.009987378707237489,
      "is_moderne": NaN,
      "visiteurs": 0.0630156638790023
    },
    "country": {
      "city_name": -0.07676973002060249,
      "country": 1.0,
      "location_id": -0.015220364537656744,
      "num_users": 0.02005396082747301,
      "avg_age": -0.018232556572417156,
      "std_age": -0.017153789109187946,
      "min_age": -0.00255727107859877,
      "max_age": -0.018760913031998585,
      "admin_ratio": 0.09932090155963437,
      "description": -0.035511863191342107,
      "region": 0.12540762925442728,
      "desc_length": 0.18802882810597457,
      "is_touristique": -0.03594084174077985,
      "is_capitale": 0.04518216639054184,
      "is_historique": -0.0141340531217353,
      "is_moderne": NaN,