{
    "dataset": "visiteurs",
    "n_trials": 30,
    "best_score": -292.9749496907128,
    "best_params": {
        "n_estimators": 252,
        "learning_rate": 0.01016345229638747,
        "max_depth": 4,
        "min_samples_split": 13,
        "min_samples_leaf": 9,
        "subsample": 0.8406754392495486
    },
    "optimization_time": 16.00017762184143,
    "train_mse": 47097.42754470116,
    "train_rmse": 217.0194174370145,
    "train_mae": 183.92928788269688,
    "train_r2": 0.6726153317973517,
    "train_mape": 11.958981694965805,
    "val_mse": 104122.82245244099,
    "val_rmse": 322.6806818705467,
    "val_mae": 277.50049137196424,
    "val_r2": 0.4212683396863328,
    "val_mape": 17.905854540584464
}